transaction_type	CreateTime	key	value
360-apb-transactions-v2	1733583080148	id	PH12011943030480
360-apb-transactions-v2	1733583080149	txnDateTime	2024-12-01 19:05:05
360-apb-transactions-v2	1733583080150	modificationDateTime	2024-12-04 07:44:40
360-apb-transactions-v2	1733583080151	locationTimestamp	2024-12-01 23:04:43
360-apb-transactions-v2	1733583080152	by	11003864378
360-apb-transactions-v2	1733583080153	usease	external.fastag.tolltransaction
360-apb-transactions-v2	1733583080154	ucId	external. g.tolltransaction
360-apb-transactions-v2	1733583080155	channel	AWEB
360-apb-transactions-v2	1733583080156	onBehalfCustomerNumber	9506000123
360-apb-transactions-v2	1733583080157	status	FAILED
360-apb-transactions-v2	1733583080158	partnerRefNo	72037733010032412011905040668
360-apb-transactions-v2	1733583080159	businessEngineRefNo	PP4120943030480
360-apb-transactions-v2	1733583080160	ExnAmount	55
360-apb-transactions-v2	1733583080161	location	28.1416420
360-apb-transactions-v2	1733583080162	updateSourcesSet	 
360-apb-transactions-v2	1733583080163	@timeStampCreated	2024-12-01 19:05:13
360-apb-transactions-v2	1733583080164	@timestampUpdated	2024-12-04
360-apb-transactions-v2	1733583080165	07	44:43 
360ch_nobook_txn_retry	1733478541987	after	 
360ch_nobook_txn_retry	1733478541988	REF_TXN_NO	H4120615896089
360ch_nobook_txn_retry	1733478541989	DAT_TXN	2024-12-06 15:18:27
360ch_nobook_txn_retry	1733478541990	COD_ACCT_NO	8077106436
360ch_nobook_txn_retry	1733478541991	TXT_TXN_DESC	Payment made via UPI to VPA
360ch_nobook_txn_retry	1733478541992	COD_DRCR	D
360ch_nobook_txn_retry	1733478541993	MNEMONIC	255106
360ch_nobook_txn_retry	1733478541994	COD_SC	®
360ch_nobook_txn_retry	1733478541995	AMT_TN	20
360ch_nobook_txn_retry	1733478541996	AMT_TXN_TCY	20
360ch_nobook_txn_retry	1733478541997	REF_USR_NO	576788615692
360ch_nobook_txn_retry	1733478541998	TXT_ADDL_INFO	null
360ch_nobook_txn_retry	1733478541999	REF_SUB_SEQ_NO	0
360ch_nobook_txn_retry	1733478542000	POST	2024-12-06 00:00:00
360ch_nobook_txn_retry	1733478542001	before	null
360ch_nobook_txn_retry	1733478542002	table	FCRHOST.
360ch_nobook_txn_retry	1733478542003	pos	00000749930386600298
360ch_nobook_txn_retry	1733478542004	retryCount	0
360ch_nobook_txn_retry	1733478542005	op_type	I
360ch_nobook_txn_retry	1733478542006	current_ts	2024-12-06T15:18:31.
360ch_nobook_txn_retry	1733478542007	Op_ts	2024-12-06 09:48:27.000000
